Title,Description,VideoId,Creator,Tags
Understanding the Technological Singularity,An in-depth explanation of the concept of technological singularity and its potential implications.,dQw4w9WgXcQ,TechExplainer,"AI,Singularity,Future Technology"
The Future of Artificial Intelligence,Exploring the potential developments and impacts of AI in the coming decades.,8V2sX9BhAW4,Kurzgesagt â€“ In a Nutshell,"AI,Future Technology,Science"
Superintelligence: Science or Fiction?,A panel discussion on the possibilities and risks of superintelligent AI.,h0962biiZa4,MIT Institute for Data Systems and Society,"AI,Superintelligence,Ethics"
The Artificial Intelligence Revolution,A comprehensive look at the AI revolution and its potential to reshape society.,Pls_q2aQzHg,TED,"AI,Revolution,Society"
Preparing for the AI Singularity,Strategies and considerations for preparing for a potential technological singularity.,9Z06rY3uvGY,Lex Fridman,"Singularity,AI Safety,Preparation"
Ethics of Artificial Intelligence,Exploring the ethical considerations and challenges in AI development and deployment.,AyMBJQwG7Hk,Harvard University,"AI,Ethics,Philosophy"
Machine Learning Explained,A beginner-friendly explanation of machine learning concepts and applications.,f_uwKZIAeM0,3Blue1Brown,"Machine Learning,AI,Data Science"
The Rise of Artificial General Intelligence,Discussing the potential development and implications of AGI.,5qfIZZ3Z578,Two Minute Papers,"AGI,AI,Future Technology"
AI and the Future of Work,How AI is reshaping the job market and what it means for future careers.,cAYaUi78CBY,World Economic Forum,"AI,Future of Work,Economy"
Neuromorphic Computing: Brain-Inspired AI,Exploring the intersection of neuroscience and AI in developing brain-like computing systems.,Qmelaxinnmg,Computerphile,"Neuromorphic Computing,AI,Neuroscience"
The Dangers of Artificial Superintelligence,A critical look at the potential risks associated with superintelligent AI systems.,pywF6ZzsghI,Robert Miles,"AI Safety,Superintelligence,Existential Risk"
Quantum Computing and AI,How quantum computing could revolutionize artificial intelligence and machine learning.,OdVSfZwKlpQ,IBM Research,"Quantum Computing,AI,Future Technology"
AI in Healthcare: Transforming Medicine,Exploring the applications and potential of AI in improving healthcare and medical research.,DCcmFXXAHO4,Stanford Medicine,"AI,Healthcare,Medical Technology"
The Philosophy of Artificial Intelligence,Delving into the philosophical questions and implications raised by AI development.,39EdqUbj92U,Crash Course,"AI,Philosophy,Ethics"
Artificial Intelligence and Creativity,Examining how AI is being used in creative fields and its potential to generate art music and literature.,9Bm-iJJOdM8,The Royal Institution,"AI,Creativity,Art"
The Economics of AI,Analyzing the economic impacts and potential disruptions caused by widespread AI adoption.,mQO2PcEW9BY,ColdFusion,"AI,Economics,Future Technology"
AI and Climate Change,How artificial intelligence is being used to combat climate change and promote sustainability.,vcyyX-KQhxY,National Geographic,"AI,Climate Change,Sustainability"
The Future of Robotics and AI,Exploring the convergence of robotics and AI and its implications for the future.,nASDYRwbGkI,Boston Dynamics,"Robotics,AI,Future Technology"
AI in Education: Personalized Learning,How AI is transforming education through personalized learning experiences and intelligent tutoring systems.,7_-qWlvQQtY,EdTech Magazine,"AI,Education,Personalized Learning"
The Ethics of Self-Driving Cars,Examining the ethical dilemmas and decision-making challenges in autonomous vehicle AI.,ixIoDYVfKA0,Veritasium,"AI Ethics,Self-Driving Cars,Transportation"